{"search time": 6.27480001449585e-05, "build time": 58.867000102996826, "store size": 137498324, "type": "BTree", "average error": 499.299364}