{"search time": 7.780001163482665e-05, "build time": 0.4939999580383301, "store size": 1274137, "type": "BTree", "average error": 24.9048}