{"search time": 0.0002374000072479248, "build time": 0.9560000896453857, "store size": 1274087, "type": "BTree", "average error": 0.1788}