{"search time": 0.0005721999883651734, "build time": 0.6380000114440918, "store size": 1274180, "type": "BTree", "average error": 20.0521}