{"search time": 0.00017220001220703124, "build time": 0.627000093460083, "store size": 1274205, "type": "BTree", "average error": 27.8092}