{"search time": 6.253999948501587e-05, "build time": 4.971999883651733, "store size": 13248832, "type": "BTree", "average error": 49.60529}