{"search time": 2.764000177383423e-05, "build time": 6.947000026702881, "store size": 13248904, "type": "BTree", "average error": 0.0}