{"search time": 0.0002718300008773804, "build time": 24.21499991416931, "store size": 13248845, "type": "BTree", "average error": 0.21459}