{"search time": 0.0005144000053405762, "build time": 0.5460000038146973, "store size": 1274143, "type": "BTree", "average error": 1044.9621}