{"search time": 0.0004861199998855591, "build time": 12.17199993133545, "store size": 13248902, "type": "BTree", "average error": 449.39978}