{"search time": 0.0013121600008010863, "build time": 6.63100004196167, "store size": 13248943, "type": "BTree", "average error": 273.86674}