{"search time": 5.676752147574637e-05, "build time": 1.1010000705718994, "store size": 1643539, "type": "BTree", "average error": 0.0}