{"search time": 2.9403332869211832e-05, "build time": 20.609999895095825, "store size": 40748511, "type": "BTree", "average error": 0.0}