{"search time": 0.00013121333360671997, "build time": 21.621999979019165, "store size": 40748565, "type": "BTree", "average error": 0.26893666666666666}