{"search time": 6.352333307266235e-05, "build time": 16.486999988555908, "store size": 40748458, "type": "BTree", "average error": 150.00178333333332}