{"search time": 7.65440001487732e-05, "build time": 47.84099984169006, "store size": 68248690, "type": "BTree", "average error": 0.269676}