{"search time": 6.27480001449585e-05, "build time": 864.8600001335144, "store size": 8356, "type": "NN", "average error": 499.299364}