{"search time": 0.0002374000072479248, "build time": 15.996000051498413, "store size": 224, "type": "NN", "average error": 0.1788}