{"search time": 0.0005721999883651734, "build time": 9.352999925613403, "store size": 224, "type": "NN", "average error": 20.0521}