{"search time": 7.80900001525879e-05, "build time": 61.61300015449524, "store size": 876, "type": "NN", "average error": 0.23129}