{"search time": 8.253999948501587e-05, "build time": 80.87199997901917, "store size": 875, "type": "NN", "average error": 0.29112}