{"search time": 6.253999948501587e-05, "build time": 45.59599995613098, "store size": 876, "type": "NN", "average error": 49.60529}