{"search time": 7.780001163482665e-05, "build time": 7.60099983215332, "store size": 219, "type": "NN", "average error": 24.9048}