{"search time": 0.00017220001220703124, "build time": 9.510999917984009, "store size": 223, "type": "NN", "average error": 27.8092}