{"search time": 0.0013121600008010863, "build time": 67.34000015258789, "store size": 885, "type": "NN", "average error": 273.86674}