{"search time": 0.0005144000053405762, "build time": 10.365000009536743, "store size": 224, "type": "NN", "average error": 1044.9621}