{"search time": 0.0004861199998855591, "build time": 69.1399998664856, "store size": 876, "type": "NN", "average error": 449.39978}