{"search time": 0.00011783563761689122, "build time": 15.741000175476074, "store size": 225, "type": "NN", "average error": 0.362420830401126}