{"search time": 0.00013121333360671997, "build time": 293.0079998970032, "store size": 2543, "type": "NN", "average error": 0.26893666666666666}