{"search time": 6.352333307266235e-05, "build time": 179.7720000743866, "store size": 2546, "type": "NN", "average error": 150.00178333333332}