{"search time": 8.488333304723104e-05, "build time": 282.78799986839294, "store size": 2537, "type": "NN", "average error": 0.26176}