{"search time": 7.65440001487732e-05, "build time": 488.0549998283386, "store size": 4208, "type": "NN", "average error": 0.269676}