{"search time": 0.00016235000133514403, "build time": 243.66600012779236, "store size": 3807577, "type": "NN", "average error": 4.23242}