{"search time": 0.0001056071434702192, "build time": 128.2110002040863, "store size": 4331196, "type": "NN", "average error": 0.9565}