{"search time": 3.746999979019165e-05, "build time": 10.204999923706055, "store size": 13526395, "type": "BTree", "average error": 0.0}