{"search time": 2.6553571224212647e-05, "build time": 4.182999849319458, "store size": 7556297, "type": "BTree", "average error": 0.0}