{"search time": 0.00016943000078201295, "build time": 32.015000104904175, "store size": 381, "type": "NN", "average error": 0.28276}